<?xml version="1.0" encoding="UTF-8"?>
<!DOCTYPE coverity SYSTEM "config.dtd">
<coverity>

<metrics>
    <metric>
        <name>time</name>
        <value>23</value>
    </metric>
    <metric>
        <name>args</name>
        <value>cov-build --dir cov-int</value>
    </metric>
    <metric>
        <name>host</name>
        <value>KYOSHIRO-PC</value>
    </metric>
    <metric>
        <name>short-platform</name>
        <value>win64</value>
    </metric>
    <metric>
        <name>platform</name>
        <value>Windows 10 (Unknown Edition number 101), 64-bit (build 14393)</value>
    </metric>
    <metric>
        <name>ident</name>
        <value>8.7.0 (build b452b3f2c8 p-lodi-push-28091.612)</value>
    </metric>
    <metric>
        <name>user</name>
        <value>Kyoshiro</value>
    </metric>
    <metric>
        <name>cwd</name>
        <value>D:\Code\compiler\compiler</value>
    </metric>
    <metric>
        <name>config</name>
        <value>C:\Users\Kyoshiro\Desktop\cov-analysis-win64-8.7.0\config\coverity_config.xml</value>
    </metric>
    <metric>
        <name>intermediatedir</name>
        <value>D:\Code\compiler\compiler\cov-int</value>
    </metric>
    <metric>
        <name>outputdir</name>
        <value>D:\Code\compiler\compiler\cov-int\output</value>
    </metric>
    <metric>
        <name>emitdir</name>
        <value>D:\Code\compiler\compiler\cov-int\emit</value>
    </metric>
    <metric>
        <name>force</name>
        <value>no</value>
    </metric>
    <metric>
        <name>cygwin</name>
        <value>no</value>
    </metric>
    <metric>
        <name>failures</name>
        <value>0</value>
    </metric>
    <metric>
        <name>successes</name>
        <value>12</value>
    </metric>
    <metric>
        <name>recoverable-errors</name>
        <value>0</value>
    </metric>
    <metric>
        <name>cs-webapps-detected</name>
        <value>0</value>
    </metric>
    <metric>
        <name>cs-webapp-successes</name>
        <value>0</value>
    </metric>
    <metric>
        <name>cs-webapp-compilation-secs</name>
        <value>0</value>
    </metric>
    <metric>
        <name>buildcmd</name>
        <value>msbuild.exe /t:Rebuild</value>
    </metric>
</metrics>
</coverity>
